"Id";"Designator";"Footprint";"Quantity";"Designation";"Supplier and ref";
1;"FD1,FD1";"Fiducial_0.5mm_Mask1mm";2;"Fiducial_0.5mm_Mask1mm";;;
2;"J3,J2";"10-pin header";2;"Conn_01x10";;;
3;"R1,R3";"R_0805_2012Metric_Pad1.20x1.40mm_HandSolder";2;"330R";;;
4;"J1";"screw_connector_1x3";1;"Screw Terminal";;;
5;"R2";"R_0805_2012Metric_Pad1.20x1.40mm_HandSolder";1;"50K";;;
6;"D1";"Diode_Bridge_OnSemi_SDIP-4L";1;"DF01S1";;;
7;"C3,C1";"CAP_EEFK_F_PAN-M";2;"220u";;;
8;"U2";"SOIC-8_3.9x4.9mm_P1.27mm";1;"LM2594M-5.0";;;
9;"U1";"SOP-4_4.4x2.6mm_P1.27mm";1;"ACPL-214-500E";;;
10;"C2";"C_0805_2012Metric_Pad1.18x1.45mm_HandSolder";1;"100n";;;
11;"D2";"ss24_do214AC";1;"SS24";;;
12;"R4";"R_0805_2012Metric_Pad1.20x1.40mm_HandSolder";1;"0R";;;
13;"L1";"IND_829SNLT_PUL";1;"100u";;;
